,매장,매장주소,구,브랜드,lat,lng
0,강남YMCA점,서울 강남구 논현동,강남구,EDIYA,37.5136787,127.0317124
1,강남구청역아이티웨딩점,"서울 강남구 학동로 338 (논현동, 강남파라곤)",강남구,EDIYA,37.5165513,127.0401391
2,강남논현학동점,서울 강남구 논현로131길 28 (논현동),강남구,EDIYA,37.5151899,127.0275539
3,강남대치점,"서울 강남구 역삼로 415 (대치동, 성진빌딩)",강남구,EDIYA,37.5042957,127.0630527
4,강남도산점,서울 강남구 도산대로37길 20 (신사동),강남구,EDIYA,37.5222821,127.0314799
5,강남세곡점,"서울 강남구 헌릉로569길 9 (세곡동, 강남지웰파인즈)",강남구,EDIYA,37.4669731,127.1005262
6,강남율현점,"서울 강남구 밤고개로21길 8 (율현동, 세곡프라자)",강남구,EDIYA,37.4735822,127.1078311
7,개포동역점,"서울 강남구 개포로82길 11 (개포동, 삼우빌딩)",강남구,EDIYA,37.4889348,127.0679352
8,건설회관점,서울 강남구 언주로 711 (논현동),강남구,EDIYA,37.5136787,127.0317124
9,대청역점,"서울 강남구 개포로109길 34 (개포동, 대청프라자)",강남구,EDIYA,37.4942156,127.077617
10,대치역점,"서울 강남구 남부순환로 2937 (대치동, 까치빌딩)",강남구,EDIYA,37.4941007,127.061519
11,도곡2동점,"서울 강남구 논현로 142 (도곡동, 동현빌딩)",강남구,EDIYA,37.4824351,127.0429933
12,도산사거리점,서울 강남구 논현동,강남구,EDIYA,37.5136787,127.0317124
13,삼성대치점,"서울 강남구 삼성로64길 32 (대치동, 주성빌딩)",강남구,EDIYA,37.5004196,127.0630716
14,삼성동점,서울 강남구 테헤란로88길 10 (대치동),강남구,EDIYA,37.5068833,127.059437
15,삼성중앙역점,"서울 강남구 삼성로 608 (삼성동, 우창빌딩)",강남구,EDIYA,37.50796,127.0565469
16,삼성한전점,서울 강남구 테헤란로107길 11 (삼성동),강남구,EDIYA,37.5104408,127.0650485
17,선릉역점,"서울 강남구 테헤란로 332 (역삼동, HJ타워)",강남구,EDIYA,37.5038188,127.0481497
18,선릉점,"서울 강남구 선릉로86길 15 (대치동, 현대선릉 GOLD TOWER)",강남구,EDIYA,37.503546,127.0508294
19,선정릉역점,서울 강남구 봉은사로 326 (역삼동),강남구,EDIYA,37.5096546,127.0426648
20,수서역점,"서울 강남구 광평로 280 (수서동, 로즈데일오피스텔)",강남구,EDIYA,37.4873425,127.1030015
21,신사역점,서울 강남구 압구정로2길 62 (신사동),강남구,EDIYA,37.5177943,127.0214406
22,신사점,서울 강남구 도산대로 118 (논현동),강남구,EDIYA,37.5166679,127.0217279
23,압구정로데오역점,서울 강남구 선릉로161길 20 (신사동),강남구,EDIYA,37.527534,127.0388282
24,압구정점,서울 강남구 신사동,강남구,EDIYA,37.5235332,127.0230659
25,압구정현대점,"서울 강남구 압구정로 214 (신사동, 현대종합상가빌딩)",강남구,EDIYA,37.52617730000001,127.0284764
26,역삼더블루점,"서울 강남구 논현로63길 16 (역삼동, 역삼종합시장 더블루)",강남구,EDIYA,37.492909,127.0390723
27,역삼역점,서울 강남구 테헤란로25길 17 (역삼동),강남구,EDIYA,37.5018112,127.0352111
28,역삼월드점,"서울 강남구 역삼로52길 14 (역삼동, 도곡프라자)",강남구,EDIYA,37.4985444,127.0479369
29,역삼점,서울 강남구 논현로72길 13 (역삼동),강남구,EDIYA,37.4958415,127.0405444
30,역삼중앙점,서울 강남구 언주로81길 8 (역삼동),강남구,EDIYA,37.500366,127.042869
31,역삼초교점,서울 강남구 강남대로 314 (역삼동),강남구,EDIYA,37.5000776,127.0385419
32,역삼충현점,서울 강남구 논현로98길 7 (역삼동),강남구,EDIYA,37.5037879,127.0363296
33,역삼플래티넘점,"서울 강남구 테헤란로4길 46 (역삼동, 쌍용플래티넘밸류)",강남구,EDIYA,37.4953323,127.0303725
34,을지병원사거리점,서울 강남구 도산대로30길 7 (논현동),강남구,EDIYA,37.5194023,127.0294305
35,이디야커피랩,"서울 강남구 논현로 636 (논현동, 이디야빌딩)",강남구,EDIYA,37.5104871,127.0329436
36,일원동점,서울 강남구 양재대로27길 20 (일원동),강남구,EDIYA,37.4906985,127.0883948
37,청담사거리점,서울 강남구 도산대로 521 (청담동),강남구,EDIYA,37.524866,127.050373
38,청담역점,"서울 강남구 삼성로 721 (청담동, 룩희 819)",강남구,EDIYA,37.5200681,127.0491634
39,포이사거리점,서울 강남구 개포로 218 (개포동),강남구,EDIYA,37.478468,127.046625
40,학동역점,"서울 강남구 학동로 219 (논현동, 국제빌딩)",강남구,EDIYA,37.5097925,127.021578
41,학동제마점,서울 강남구 학동로34길 22 (논현동),강남구,EDIYA,37.51313870000001,127.03365
42,한티역점,서울 강남구 도곡로69길 8 (대치동),강남구,EDIYA,37.4979551,127.0561304
43,강남YMCA점,서울 강남구 논현동,강남구,EDIYA,37.5136787,127.0317124
44,강남구청역아이티웨딩점,"서울 강남구 학동로 338 (논현동, 강남파라곤)",강남구,EDIYA,37.5165513,127.0401391
45,강남논현학동점,서울 강남구 논현로131길 28 (논현동),강남구,EDIYA,37.5151899,127.0275539
46,강남대치점,"서울 강남구 역삼로 415 (대치동, 성진빌딩)",강남구,EDIYA,37.5042957,127.0630527
47,강남도산점,서울 강남구 도산대로37길 20 (신사동),강남구,EDIYA,37.5222821,127.0314799
48,강남세곡점,"서울 강남구 헌릉로569길 9 (세곡동, 강남지웰파인즈)",강남구,EDIYA,37.4669731,127.1005262
49,강남율현점,"서울 강남구 밤고개로21길 8 (율현동, 세곡프라자)",강남구,EDIYA,37.4735822,127.1078311
50,개포동역점,"서울 강남구 개포로82길 11 (개포동, 삼우빌딩)",강남구,EDIYA,37.4889348,127.0679352
51,건설회관점,서울 강남구 언주로 711 (논현동),강남구,EDIYA,37.5136787,127.0317124
52,대청역점,"서울 강남구 개포로109길 34 (개포동, 대청프라자)",강남구,EDIYA,37.4942156,127.077617
53,대치역점,"서울 강남구 남부순환로 2937 (대치동, 까치빌딩)",강남구,EDIYA,37.4941007,127.061519
54,도곡2동점,"서울 강남구 논현로 142 (도곡동, 동현빌딩)",강남구,EDIYA,37.4824351,127.0429933
55,도산사거리점,서울 강남구 논현동,강남구,EDIYA,37.5136787,127.0317124
56,삼성대치점,"서울 강남구 삼성로64길 32 (대치동, 주성빌딩)",강남구,EDIYA,37.5004196,127.0630716
57,삼성동점,서울 강남구 테헤란로88길 10 (대치동),강남구,EDIYA,37.5068833,127.059437
58,삼성중앙역점,"서울 강남구 삼성로 608 (삼성동, 우창빌딩)",강남구,EDIYA,37.50796,127.0565469
59,삼성한전점,서울 강남구 테헤란로107길 11 (삼성동),강남구,EDIYA,37.5104408,127.0650485
60,선릉역점,"서울 강남구 테헤란로 332 (역삼동, HJ타워)",강남구,EDIYA,37.5038188,127.0481497
61,선릉점,"서울 강남구 선릉로86길 15 (대치동, 현대선릉 GOLD TOWER)",강남구,EDIYA,37.503546,127.0508294
62,선정릉역점,서울 강남구 봉은사로 326 (역삼동),강남구,EDIYA,37.5096546,127.0426648
63,수서역점,"서울 강남구 광평로 280 (수서동, 로즈데일오피스텔)",강남구,EDIYA,37.4873425,127.1030015
64,신사역점,서울 강남구 압구정로2길 62 (신사동),강남구,EDIYA,37.5177943,127.0214406
65,신사점,서울 강남구 도산대로 118 (논현동),강남구,EDIYA,37.5166679,127.0217279
66,압구정로데오역점,서울 강남구 선릉로161길 20 (신사동),강남구,EDIYA,37.527534,127.0388282
67,압구정점,서울 강남구 신사동,강남구,EDIYA,37.5235332,127.0230659
68,압구정현대점,"서울 강남구 압구정로 214 (신사동, 현대종합상가빌딩)",강남구,EDIYA,37.52617730000001,127.0284764
69,역삼더블루점,"서울 강남구 논현로63길 16 (역삼동, 역삼종합시장 더블루)",강남구,EDIYA,37.492909,127.0390723
70,역삼역점,서울 강남구 테헤란로25길 17 (역삼동),강남구,EDIYA,37.5018112,127.0352111
71,역삼월드점,"서울 강남구 역삼로52길 14 (역삼동, 도곡프라자)",강남구,EDIYA,37.4985444,127.0479369
72,역삼점,서울 강남구 논현로72길 13 (역삼동),강남구,EDIYA,37.4958415,127.0405444
73,역삼중앙점,서울 강남구 언주로81길 8 (역삼동),강남구,EDIYA,37.500366,127.042869
74,역삼초교점,서울 강남구 강남대로 314 (역삼동),강남구,EDIYA,37.5000776,127.0385419
75,역삼충현점,서울 강남구 논현로98길 7 (역삼동),강남구,EDIYA,37.5037879,127.0363296
76,역삼플래티넘점,"서울 강남구 테헤란로4길 46 (역삼동, 쌍용플래티넘밸류)",강남구,EDIYA,37.4953323,127.0303725
77,을지병원사거리점,서울 강남구 도산대로30길 7 (논현동),강남구,EDIYA,37.5194023,127.0294305
78,이디야커피랩,"서울 강남구 논현로 636 (논현동, 이디야빌딩)",강남구,EDIYA,37.5104871,127.0329436
79,일원동점,서울 강남구 양재대로27길 20 (일원동),강남구,EDIYA,37.4906985,127.0883948
80,청담사거리점,서울 강남구 도산대로 521 (청담동),강남구,EDIYA,37.524866,127.050373
81,청담역점,"서울 강남구 삼성로 721 (청담동, 룩희 819)",강남구,EDIYA,37.5200681,127.0491634
82,포이사거리점,서울 강남구 개포로 218 (개포동),강남구,EDIYA,37.478468,127.046625
83,학동역점,"서울 강남구 학동로 219 (논현동, 국제빌딩)",강남구,EDIYA,37.5097925,127.021578
84,학동제마점,서울 강남구 학동로34길 22 (논현동),강남구,EDIYA,37.51313870000001,127.03365
85,한티역점,서울 강남구 도곡로69길 8 (대치동),강남구,EDIYA,37.4979551,127.0561304
86,가양역점,서울 강서구 양천로 500 (등촌동),강서구,EDIYA,37.5575223,126.8559611
87,강서nc점,서울 강서구 강서로54길 11 (등촌동),강서구,EDIYA,37.5593356,126.839278
88,강서가양동점,"서울 강서구 강서로 511 (가양동, 한림타운)",강서구,EDIYA,37.5709433,126.8413819
89,강서교차로점,"서울 강서구 공항대로 437 (등촌동, 주신기업(주))",강서구,EDIYA,37.5550159,126.8559101
90,강서구청점,"서울 강서구 화곡로 292 (화곡동, 서광프리메라)",강서구,EDIYA,37.5501456,126.8485937
91,강서한강자이점,서울 강서구 양천로 401 (가양동),강서구,EDIYA,37.5678802,126.8510787
92,개화산역점,"서울 강서구 양천로 28 (방화동, 벽산에어트리움)",강서구,EDIYA,37.572254,126.8070962
93,개화산점,"서울 강서구 양천로 28 (방화동, 벽산에어트리움)",강서구,EDIYA,37.572254,126.8070962
94,곰달래사거리점,서울 강서구 곰달래로 52 (화곡동),강서구,EDIYA,37.52990370000001,126.8386126
95,공항시장역점,"서울 강서구 방화동로 37 (방화동, 메디스타워)",강서구,EDIYA,37.5640044,126.8107915
96,까치산로점,서울 강서구 까치산로 182 (화곡동),강서구,EDIYA,37.5533188,126.8538953
97,까치산역점,서울 강서구 강서로17길 6 (화곡동),강서구,EDIYA,37.5334091,126.8452244
98,내발산점,"서울 강서구 강서로 304 (내발산동, 영종빌딩)",강서구,EDIYA,37.5527284,126.8365671
99,등촌3동점,서울 강서구 공항대로41길 34 (등촌동),강서구,EDIYA,37.5593008,126.845731
100,등촌동점,"서울 강서구 공항대로61길 20 (염창동, 우리프리머스)",강서구,EDIYA,37.5523447,126.8664448
101,등촌역점,서울 강서구 등촌로 217 (등촌동),강서구,EDIYA,37.5491585,126.8633055
102,등촌중앙점,"서울 강서구 등촌로 67 (등촌동, 컴스웨이빌딩)",강서구,EDIYA,37.5360826,126.8631621
103,렘넌트문화센터점,"서울 강서구 화곡로63길 65 (등촌동, 예원교회)",강서구,EDIYA,37.5579326,126.8491762
104,마곡대방디엠씨티점,"서울 강서구 양천로 344 (마곡동, 마곡센트럴대방디엠시티오피스텔)",강서구,EDIYA,37.5682963,126.8409671
105,마곡수명산점,"서울 강서구 수명로 68-27 (내발산동, 웨스트엔드문화센터)",강서구,EDIYA,37.5526771,126.8266819
106,마곡엠밸리점,"서울 강서구 마곡서로 101 (마곡동, 동익드미라벨복합빌딩)",강서구,EDIYA,37.5619185,126.826919
107,마곡역점,"서울 강서구 공항대로 195 (마곡동, 힐스테이트에코동익)",강서구,EDIYA,37.5598859,126.8293007
108,마곡중앙점,"서울 강서구 마곡중앙6로 66 (마곡동, 퀸즈파크텐)",강서구,EDIYA,37.559925,126.8343328
109,마곡퀸즈파크9점,"서울 강서구 공항대로 247 (마곡동, 퀸즈파크나인)",강서구,EDIYA,37.5593023,126.835223
110,마곡파인스퀘어점,"서울 강서구 마곡중앙4로 22 (마곡동, 파인스퀘어)",강서구,EDIYA,37.5584156,126.8294265
111,마곡헤리움점,"서울 강서구 마곡중앙5로1길 25 (마곡동, 마곡헤리움2차)",강서구,EDIYA,37.569266,126.826403
112,발산역점,서울 강서구 공항대로 280 (내발산동),강서구,EDIYA,37.5483378,126.819493
113,방화동로점,서울 강서구 방화동로 95 (방화동),강서구,EDIYA,37.569044,126.812578
114,방화사거리점,"서울 강서구 양천로 72 (방화동, 해성빌딩)",강서구,EDIYA,37.5729862,126.8076185
115,방화역점,"서울 강서구 금낭화로 146 (방화동, 오피앙)",강서구,EDIYA,37.57818880000001,126.8133025
116,송정역점,서울 강서구 공항대로 24 (공항동),강서구,EDIYA,37.56164649999999,126.8094664
117,신방화역점,"서울 강서구 마곡중앙5로 81 (마곡동, 에스비타운)",강서구,EDIYA,37.5670441,126.8185967
118,신방화중앙점,"서울 강서구 방화대로34길 92 (방화동, 불해빌딩)",강서구,EDIYA,37.5708766,126.8213439
119,양천향교역점,서울 강서구 강서로 462 (등촌동),강서구,EDIYA,37.5666235,126.8414199
120,염창동점,서울 강서구 양천로 689 (염창동),강서구,EDIYA,37.5505237,126.8729536
121,염창블루나인점,서울 강서구 양천로 583 (염창동),강서구,EDIYA,37.5572518,126.864441
122,우장산동점,서울 강서구 우현로 15 (화곡동),강서구,EDIYA,37.5471836,126.8436095
123,우장산역점,서울 강서구 강서로45길 5 (화곡동),강서구,EDIYA,37.5478233,126.8358363
124,화곡남부시장점,서울 강서구 등촌로5길 80 (화곡동),강서구,EDIYA,37.5330599,126.8589624
125,화곡로점,서울 강서구 화곡로 133 (화곡동),강서구,EDIYA,37.5408593,126.8364773
126,화곡본동시장점,서울 강서구 까치산로4길 11 (화곡동),강서구,EDIYA,37.5422225,126.8443024
127,화곡사거리점,서울 강서구 곰달래로 135 (화곡동),강서구,EDIYA,37.5307873,126.8479275
128,화곡중앙시장점,서울 강서구 가로공원로76길 61 (화곡동),강서구,EDIYA,37.5344113,126.8383918
129,화곡중앙점,서울 강서구 까치산로 79 (화곡동),강서구,EDIYA,37.5457685,126.8473738
130,관악우성점,서울 관악구 관악로 232 (봉천동),관악구,EDIYA,37.4849477,126.9560274
131,관악하나로마트점,"서울 관악구 남부순환로 1369 (신림동, 관악농협농산물백화점)",관악구,EDIYA,37.4801274,126.9022571
132,낙성대역점,서울 관악구 남부순환로 1915 (봉천동),관악구,EDIYA,37.4779262,126.9622219
133,난곡사거리점,서울 관악구 남부순환로 1444 (신림동),관악구,EDIYA,37.4809038,126.9112754
134,난향동점,서울 관악구 난곡로 60 (신림동),관악구,EDIYA,37.4608136,126.9193833
135,남현홈플러스점,"서울 관악구 과천대로 909 (남현동, 남현프라자)",관악구,EDIYA,37.4714783,126.9824131
136,녹두거리점,서울 관악구 신림로 91 (신림동),관악구,EDIYA,37.4702781,126.93912
137,당곡사거리점,서울 관악구 봉천로 245 (봉천동),관악구,EDIYA,37.4892967,126.929038
138,보라매중앙점,"서울 관악구 보라매로 62 (봉천동, 보라매삼성아파트)",관악구,EDIYA,37.4940971,126.9278545
139,봉일시장점,서울 관악구 은천로 23 (봉천동),관악구,EDIYA,37.4864167,126.9379221
140,봉천역점,서울 관악구 남부순환로 1725 (봉천동),관악구,EDIYA,37.4826777,126.9418946
141,봉천중앙점,서울 관악구 남부순환로 1874 (봉천동),관악구,EDIYA,37.4789924,126.9577555
142,봉천현대시장점,서울 관악구 양녕로 39-1 (봉천동),관악구,EDIYA,37.4857191,126.9467499
143,서울대중앙점,서울 관악구 남부순환로216길 2 (봉천동),관악구,EDIYA,37.4813531,126.9489899
144,신대방역점,서울 관악구 난곡로 368 (신림동),관악구,EDIYA,37.4869108,126.9138009
145,신림난곡점,서울 관악구 난곡로 197 (신림동),관악구,EDIYA,37.4725378,126.9189387
146,신림남부초교점,서울 관악구 남부순환로 1541-1 (신림동),관악구,EDIYA,37.48340719999999,126.9218888
147,신림대학동점,서울 관악구 호암로26길 17 (신림동),관악구,EDIYA,37.4707693,126.9346116
148,신림문화교점,"서울 관악구 신림로46길 1 (신림동, 서원동성당)",관악구,EDIYA,37.4785725,126.9334208
149,신림문화교점,서울 관악구 신림로 262-1 (신림동),관악구,EDIYA,37.4785412,126.9327183
150,신림미성점,서울 관악구 난곡로 250 (신림동),관악구,EDIYA,37.4765282,126.9159734
151,신림신원점,서울 관악구 신원로 16 (신림동),관악구,EDIYA,37.480802,126.928079
152,신림신화교점,서울 관악구 신림로 199 (신림동),관악구,EDIYA,37.4755402,126.9362015
153,신림역점,서울 관악구 신림로 312 (신림동),관악구,EDIYA,37.4822288,126.9301828
154,신림패션문화점,서울 관악구 봉천로6길 24 (신림동),관악구,EDIYA,37.4886299,126.9254308
155,인헌점,서울 관악구 인헌길 17 (봉천동),관악구,EDIYA,37.4747245,126.9670541
156,청룡중앙점,"서울 관악구 쑥고개로 80 (봉천동, 제이빌딩)",관악구,EDIYA,37.4791765,126.9452607
157,건대로데오점,서울 광진구 아차산로30길 8 (자양동),광진구,EDIYA,37.5404164,127.0676076
158,건대스타시티2호점,"서울 광진구 능동로 92 (자양동, 스타시티몰) 지하 2층 201호",광진구,EDIYA,37.5325084,127.0644162
159,건대스타시티점,"서울 광진구 아차산로 272 (자양동, 더샵스타시티)",광진구,EDIYA,37.5378028,127.0726322
160,건대역점,"서울 광진구 아차산로 229 (화양동, 한림타워)",광진구,EDIYA,37.5407319,127.069008
161,광진구청점,서울 광진구 자양로 136 (구의동),광진구,EDIYA,37.53978439999999,127.0834244
162,구의동점,서울 광진구 아차산로 481 (구의동),광진구,EDIYA,37.5444007,127.092844
163,구의사거리점,서울 광진구 광나루로 508 (구의동),광진구,EDIYA,37.5447378,127.0859307
164,구의역점,서울 광진구 구의로 4 (구의동),광진구,EDIYA,37.5382091,127.0892948
165,구의자양로점,서울 광진구 자양로 251 (구의동),광진구,EDIYA,37.5490121,127.0892921
166,군자역점,"서울 광진구 능동로 290 (능동, 삼일빌딩)",광진구,EDIYA,37.5555903,127.0790595
167,동서울터미널점,서울 광진구 구의동,광진구,EDIYA,37.5444007,127.092844
168,뚝섬유원지역점,서울 광진구 능동로 21 (자양동),광진구,EDIYA,37.5335019,127.0672835
169,세종대후문점,서울 광진구 군자로 109 (군자동),광진구,EDIYA,37.5528718,127.0719913
170,아차산역점,서울 광진구 천호대로 663 (구의동),광진구,EDIYA,37.5517919,127.0902248
171,어린이대공원역점,서울 광진구 광나루로 380 (화양동),광진구,EDIYA,37.5475719,127.071851
172,자양동점,서울 광진구 자양로 46 (자양동),광진구,EDIYA,37.5322381,127.0859794
173,자양우성점,"서울 광진구 자양번영로 34 (자양동, 제이원하이텔)",광진구,EDIYA,37.5327013,127.0758253
174,중곡대원점,서울 광진구 용마산로 111 (중곡동),광진구,EDIYA,37.5635935,127.0866729
175,중곡신성점,"서울 광진구 용마산로 37 (중곡동, 이안빌딩)",광진구,EDIYA,37.598033,127.0940962
176,중곡역점,서울 광진구 능동로 407 (중곡동),광진구,EDIYA,37.56354400000001,127.0888304
177,중곡중앙점,서울 광진구 능동로 330 (중곡동),광진구,EDIYA,37.56354400000001,127.0888304
178,건대로데오점,서울 광진구 아차산로30길 8 (자양동),광진구,EDIYA,37.5404164,127.0676076
179,건대스타시티2호점,"서울 광진구 능동로 92 (자양동, 스타시티몰) 지하 2층 201호",광진구,EDIYA,37.5325084,127.0644162
180,건대스타시티점,"서울 광진구 아차산로 272 (자양동, 더샵스타시티)",광진구,EDIYA,37.5378028,127.0726322
181,건대역점,"서울 광진구 아차산로 229 (화양동, 한림타워)",광진구,EDIYA,37.5407319,127.069008
182,광진구청점,서울 광진구 자양로 136 (구의동),광진구,EDIYA,37.53978439999999,127.0834244
183,구의동점,서울 광진구 아차산로 481 (구의동),광진구,EDIYA,37.5444007,127.092844
184,구의사거리점,서울 광진구 광나루로 508 (구의동),광진구,EDIYA,37.5447378,127.0859307
185,구의역점,서울 광진구 구의로 4 (구의동),광진구,EDIYA,37.5382091,127.0892948
186,구의자양로점,서울 광진구 자양로 251 (구의동),광진구,EDIYA,37.5490121,127.0892921
187,군자역점,"서울 광진구 능동로 290 (능동, 삼일빌딩)",광진구,EDIYA,37.5555903,127.0790595
188,동서울터미널점,서울 광진구 구의동,광진구,EDIYA,37.5444007,127.092844
189,뚝섬유원지역점,서울 광진구 능동로 21 (자양동),광진구,EDIYA,37.5335019,127.0672835
190,세종대후문점,서울 광진구 군자로 109 (군자동),광진구,EDIYA,37.5528718,127.0719913
191,아차산역점,서울 광진구 천호대로 663 (구의동),광진구,EDIYA,37.5517919,127.0902248
192,어린이대공원역점,서울 광진구 광나루로 380 (화양동),광진구,EDIYA,37.5475719,127.071851
193,자양동점,서울 광진구 자양로 46 (자양동),광진구,EDIYA,37.5322381,127.0859794
194,자양우성점,"서울 광진구 자양번영로 34 (자양동, 제이원하이텔)",광진구,EDIYA,37.5327013,127.0758253
195,중곡대원점,서울 광진구 용마산로 111 (중곡동),광진구,EDIYA,37.5635935,127.0866729
196,중곡신성점,"서울 광진구 용마산로 37 (중곡동, 이안빌딩)",광진구,EDIYA,37.598033,127.0940962
197,중곡역점,서울 광진구 능동로 407 (중곡동),광진구,EDIYA,37.56354400000001,127.0888304
198,중곡중앙점,서울 광진구 능동로 330 (중곡동),광진구,EDIYA,37.56354400000001,127.0888304
199,가산SKV1점,서울 금천구 가산디지털1로 171 (가산동),금천구,EDIYA,37.4807298,126.8807007
200,가산그레이트점,서울 금천구 디지털로9길 32 (가산동),금천구,EDIYA,37.4794904,126.8875315
201,가산대륭19차점,서울 금천구 가산디지털2로 70 (가산동),금천구,EDIYA,37.4746381,126.8821341
202,가산두산위브점,서울 금천구 가산로 111 (가산동),금천구,EDIYA,37.4756055,126.8929049
203,가산리더스타워점,서울 금천구 벚꽃로 286 (가산동),금천구,EDIYA,37.480368,126.8841765
204,가산벽산점,서울 금천구 벚꽃로 244 (가산동),금천구,EDIYA,37.4766901,126.8858078
205,가산오거리점,"서울 금천구 가산로 155 (가산동, 케이디에스빌딩)",금천구,EDIYA,37.4788324,126.8900552
206,가산월드점,서울 금천구 가산디지털2로 123 (가산동),금천구,EDIYA,37.4787568,126.8787171
207,가산하이엔드10차점,"서울 금천구 가산디지털1로 30 (가산동, 에이스하이엔드타워10)",금천구,EDIYA,37.4688003,126.8874748
208,금천롯데마트점,"서울 금천구 시흥대로 291 (독산동, 금천롯데캐슬골드파크3차)",금천구,EDIYA,37.4604657,126.8974181
209,독산동쌈지공원점,서울 금천구 독산로 276 (독산동),금천구,EDIYA,37.4713542,126.9032872
210,독산동점,"서울 금천구 독산로 218 (독산동, 창영빌딩)",금천구,EDIYA,37.4663108,126.9019986
211,박미삼거리점,서울 금천구 시흥대로 150 (시흥동),금천구,EDIYA,37.4476277,126.9036599
212,석수푸르지오점,"서울 금천구 삼성산길 11 (시흥동, 위너스타워)",금천구,EDIYA,37.4340959,126.9048311
213,세광교회점,서울 금천구 독산로 124 (시흥동),금천구,EDIYA,37.4583516,126.9055616
214,시흥동점,서울 금천구 시흥동,금천구,EDIYA,37.4495276,126.9092894
215,시흥사거리점,서울 금천구 시흥대로63길 8 (시흥동),금천구,EDIYA,37.4550726,126.8991028
216,시흥유통센터점,"서울 금천구 시흥대로 88 (시흥동, 오복빌딩)",금천구,EDIYA,37.4711918,126.8991936
217,시흥중앙점,서울 금천구 금하로 748 (시흥동),금천구,EDIYA,37.4498887,126.91253
218,에이스가산포휴점,"서울 금천구 가산디지털1로 225 (가산동, 에이스 가산 포휴(지식산업센터))",금천구,EDIYA,37.4851258,126.8787246
219,은행나무사거리점,서울 금천구 금하로 690 (시흥동),금천구,EDIYA,37.4517877,126.9065756
220,덕성여대점,서울 도봉구 삼양로 542 (쌍문동),도봉구,EDIYA,37.6515728,127.0129899
221,도봉구청점,"서울 도봉구 도봉로150길 43 (방학동, ESA 아파트)",도봉구,EDIYA,37.66646739999999,127.0456001
222,도봉보건소사거리점,서울 도봉구 해등로 157 (쌍문동),도봉구,EDIYA,37.6567708,127.0388206
223,도봉산점,서울 도봉구 도봉산길 18 (도봉동),도봉구,EDIYA,37.6875339,127.0436705
224,도봉역점,서울 도봉구 도봉로 823 (도봉동),도봉구,EDIYA,37.6779041,127.0447529
225,도봉중앙점,서울 도봉구 도봉로181길 18 (도봉동),도봉구,EDIYA,37.684246,127.0448662
226,방학사거리점,서울 도봉구 도봉로 677 (방학동),도봉구,EDIYA,37.6626035,127.0410331
227,방학역점,서울 도봉구 도봉로153길 15 (방학동),도봉구,EDIYA,37.67088090000001,127.0349569
228,방학점,서울 도봉구 방학로 171 (방학동),도봉구,EDIYA,37.6621564,127.0332505
229,방학중앙점,서울 도봉구 도당로13길 22 (방학동),도봉구,EDIYA,37.6657682,127.0353159
230,선덕고사거리점,"서울 도봉구 해등로 255 (쌍문동, 에벤에셀아파트)",도봉구,EDIYA,37.6573677,127.0282385
231,솔밭공원역점,"서울 도봉구 삼양로 594 (쌍문동, 주함해븐빌)",도봉구,EDIYA,37.6562302,127.0135377
232,신창점,서울 도봉구 덕릉로 235 (창동),도봉구,EDIYA,37.638935,127.0380988
233,쌍문동점,서울 도봉구 노해로 162 (쌍문동),도봉구,EDIYA,37.6488058,127.027282
234,쌍문역점,서울 도봉구 도봉로117길 4 (쌍문동),도봉구,EDIYA,37.6604615,127.0384369
235,창동대우점,서울 도봉구 덕릉로63가길 30 (창동),도봉구,EDIYA,37.6435011,127.0387297
236,창동블루핀점,서울 도봉구 마들로 550 (창동),도봉구,EDIYA,37.6604973,127.0496195
237,창동역점,서울 도봉구 마들로11길 65 (창동),도봉구,EDIYA,37.6533842,127.0497109
238,창동제일점,서울 도봉구 노해로70길 81 (창동),도봉구,EDIYA,37.6488482,127.0525691
239,창동중앙점,서울 도봉구 노해로63길 78 (창동),도봉구,EDIYA,37.6526943,127.0463822
240,창동하나로마트점,"서울 도봉구 마들로11길 20 (창동, 농협창동유통센타)",도봉구,EDIYA,37.6547765,127.0508036
241,창동학원가점,서울 도봉구 해등로16길 61 (창동),도봉구,EDIYA,37.6551428,127.0433519
242,창동현대타운점,서울 도봉구 도봉로114길 22 (창동),도봉구,EDIYA,37.6473664,127.0356805
243,중계롯데우성점,서울 노원구 노원로22길 70 (중계동),노원구,EDIYA,37.6482086,127.083901
244,중계본동점,서울 노원구 중계로14바길 2 (중계동),노원구,EDIYA,37.6498756,127.0825982
245,중계브라운스톤점,"서울 노원구 동일로203가길 29 (중계동, 브라운스톤중계)",노원구,EDIYA,37.6400147,127.0642892
246,중계점,서울 노원구 동일로204가길 34 (중계동),노원구,EDIYA,37.6407489,127.0682363
247,중계중앙점,서울 노원구 덕릉로73길 18 (중계동),노원구,EDIYA,37.6443041,127.086885
248,태릉입구역점,"서울 노원구 공릉로 105 (공릉동, 성종빌딩)",노원구,EDIYA,37.6196188,127.0778497
249,하계온천점,서울 노원구 노원로 257 (하계동),노원구,EDIYA,37.6376443,127.0725093
250,하계을지점,서울 노원구 공릉로 326 (하계동),노원구,EDIYA,37.6358931,127.0711875
251,덕성여대점,서울 도봉구 삼양로 542 (쌍문동),도봉구,EDIYA,37.6515728,127.0129899
252,도봉구청점,"서울 도봉구 도봉로150길 43 (방학동, ESA 아파트)",도봉구,EDIYA,37.66646739999999,127.0456001
253,도봉보건소사거리점,서울 도봉구 해등로 157 (쌍문동),도봉구,EDIYA,37.6567708,127.0388206
254,도봉산점,서울 도봉구 도봉산길 18 (도봉동),도봉구,EDIYA,37.6875339,127.0436705
255,도봉역점,서울 도봉구 도봉로 823 (도봉동),도봉구,EDIYA,37.6779041,127.0447529
256,도봉중앙점,서울 도봉구 도봉로181길 18 (도봉동),도봉구,EDIYA,37.684246,127.0448662
257,방학사거리점,서울 도봉구 도봉로 677 (방학동),도봉구,EDIYA,37.6626035,127.0410331
258,방학역점,서울 도봉구 도봉로153길 15 (방학동),도봉구,EDIYA,37.67088090000001,127.0349569
259,방학점,서울 도봉구 방학로 171 (방학동),도봉구,EDIYA,37.6621564,127.0332505
260,방학중앙점,서울 도봉구 도당로13길 22 (방학동),도봉구,EDIYA,37.6657682,127.0353159
261,선덕고사거리점,"서울 도봉구 해등로 255 (쌍문동, 에벤에셀아파트)",도봉구,EDIYA,37.6573677,127.0282385
262,솔밭공원역점,"서울 도봉구 삼양로 594 (쌍문동, 주함해븐빌)",도봉구,EDIYA,37.6562302,127.0135377
263,신창점,서울 도봉구 덕릉로 235 (창동),도봉구,EDIYA,37.638935,127.0380988
264,쌍문동점,서울 도봉구 노해로 162 (쌍문동),도봉구,EDIYA,37.6488058,127.027282
265,쌍문역점,서울 도봉구 도봉로117길 4 (쌍문동),도봉구,EDIYA,37.6604615,127.0384369
266,창동대우점,서울 도봉구 덕릉로63가길 30 (창동),도봉구,EDIYA,37.6435011,127.0387297
267,창동블루핀점,서울 도봉구 마들로 550 (창동),도봉구,EDIYA,37.6604973,127.0496195
268,창동역점,서울 도봉구 마들로11길 65 (창동),도봉구,EDIYA,37.6533842,127.0497109
269,창동제일점,서울 도봉구 노해로70길 81 (창동),도봉구,EDIYA,37.6488482,127.0525691
270,창동중앙점,서울 도봉구 노해로63길 78 (창동),도봉구,EDIYA,37.6526943,127.0463822
271,창동하나로마트점,"서울 도봉구 마들로11길 20 (창동, 농협창동유통센타)",도봉구,EDIYA,37.6547765,127.0508036
272,창동학원가점,서울 도봉구 해등로16길 61 (창동),도봉구,EDIYA,37.6551428,127.0433519
273,창동현대타운점,서울 도봉구 도봉로114길 22 (창동),도봉구,EDIYA,37.6473664,127.0356805
274,중계롯데우성점,서울 노원구 노원로22길 70 (중계동),노원구,EDIYA,37.6482086,127.083901
275,중계본동점,서울 노원구 중계로14바길 2 (중계동),노원구,EDIYA,37.6498756,127.0825982
276,중계브라운스톤점,"서울 노원구 동일로203가길 29 (중계동, 브라운스톤중계)",노원구,EDIYA,37.6400147,127.0642892
277,중계점,서울 노원구 동일로204가길 34 (중계동),노원구,EDIYA,37.6407489,127.0682363
278,중계중앙점,서울 노원구 덕릉로73길 18 (중계동),노원구,EDIYA,37.6443041,127.086885
279,태릉입구역점,"서울 노원구 공릉로 105 (공릉동, 성종빌딩)",노원구,EDIYA,37.6196188,127.0778497
280,하계온천점,서울 노원구 노원로 257 (하계동),노원구,EDIYA,37.6376443,127.0725093
281,하계을지점,서울 노원구 공릉로 326 (하계동),노원구,EDIYA,37.6358931,127.0711875
282,남성역점,서울 동작구 사당로17가길 13 (사당동),동작구,EDIYA,37.4838017,126.9734321
283,노들점,서울 동작구 노량진로 200 (노량진동),동작구,EDIYA,37.5128951,126.9479098
284,노량진CTS점,서울 동작구 노량진로 110 (노량진동),동작구,EDIYA,37.5131999,126.9380239
285,노량진드림스퀘어점,"서울 동작구 노들로2길 7 (노량진동, 노량진 드림스퀘어 복합빌딩)",동작구,EDIYA,37.5142788,126.9393867
286,노량진역사점,"서울 동작구 노량진로 지하 130 (노량진동, 9호선 노량진역)",동작구,EDIYA,37.513056,126.940092
287,대림성모점,서울 동작구 시흥대로 658 (신대방동),동작구,EDIYA,37.490357,126.9081079
288,대방역점,"서울 동작구 노량진로 24 (대방동, 한신빌딩)",동작구,EDIYA,37.5128738,126.9281981
289,보라매공원점,서울 동작구 여의대방로 90 (신대방동),동작구,EDIYA,37.496816,126.9166681
290,보라매점,"서울 동작구 보라매로5가길 16 (신대방동, 보라매아카데미타워)",동작구,EDIYA,37.491293,126.9240603
291,사당역점,서울 동작구 동작대로7길 100 (사당동),동작구,EDIYA,37.4771676,126.9775404
292,사당점,서울 동작구 동작대로 45 (사당동),동작구,EDIYA,37.4807467,126.981502
293,상도역점,서울 동작구 상도로 277 (상도1동),동작구,EDIYA,37.5027556,126.9483808
294,상도중앙점,서울 동작구 만양로 17 (상도동),동작구,EDIYA,37.5062272,126.9472075
295,상도파크엘점,"서울 동작구 양녕로 220 (상도동, 상도역 롯데캐슬 파크엘)",동작구,EDIYA,37.5005552,126.9460994
296,숭실대점,서울 동작구 사당로 2 (상도동),동작구,EDIYA,37.4954832,126.9546892
297,신대방삼거리점,서울 동작구 상도로 78 (대방동),동작구,EDIYA,37.5145775,126.9322895
298,신상도초교점,서울 동작구 양녕로 183 (상도동),동작구,EDIYA,37.49773340000001,126.9431657
299,이수중앙점,서울 동작구 사당로 285 (사당동),동작구,EDIYA,37.4846685,126.9791775
300,중앙대점,서울 동작구 흑석로 79 (흑석동),동작구,EDIYA,37.5070493,126.9584091
301,중앙대후문점,서울 동작구 흑석로 20 (상도동),동작구,EDIYA,37.5048152,126.9530338
302,총신대입구역점,서울 동작구 동작대로 119-1 (사당동),동작구,EDIYA,37.48735569999999,126.9818814
303,총신대점,"서울 동작구 사당로16가길 96 (사당동) 1,2층",동작구,EDIYA,37.4850934,126.9688033
304,해군회관점,서울 동작구 여의대방로 194 (대방동),동작구,EDIYA,37.5042619,126.9222618
305,흑석역점,서울 동작구 현충로 100-1 (흑석동),동작구,EDIYA,37.5076442,126.9647375
306,공덕롯데캐슬점,"서울 마포구 마포대로 109 (공덕동, 롯데캐슬프레지던트)",마포구,EDIYA,37.544931,126.9505963
307,광흥창역점,"서울 마포구 창전로 45 (창전동, 서강한화오벨리스크)",마포구,EDIYA,37.5465933,126.9318228
308,대흥역점,서울 마포구 백범로 100 (대흥동),마포구,EDIYA,37.5474456,126.942358
309,동교중앙점,서울 마포구 동교로27길 8 (동교동),마포구,EDIYA,37.5587341,126.9229881
310,마포공덕역점,서울 마포구 새창로 6 (도화동),마포구,EDIYA,37.5420957,126.9504592
311,마포구청점,서울 마포구 월드컵로 196 (성산동),마포구,EDIYA,37.5644434,126.9061173
312,마포데시앙점,서울 마포구 독막로 320 (도화동),마포구,EDIYA,37.5397629,126.9484766
313,마포성산시영점,서울 마포구 월드컵북로 210 (성산동),마포구,EDIYA,37.5608448,126.916841
314,마포점,서울 마포구 도화길 10 (도화동),마포구,EDIYA,37.5397882,126.9473543
315,망리단길점,"서울 마포구 포은로 81-1 (망원동, S-빌딩)",마포구,EDIYA,37.554317,126.9052684
316,망원역점,서울 마포구 월드컵로 82-1 (서교동),마포구,EDIYA,37.5563756,126.9102193
317,망원중앙점,서울 마포구 월드컵로 147 (망원동),마포구,EDIYA,37.56077200000001,126.9054366
318,상수역점,서울 마포구 와우산로 41-1 (상수동),마포구,EDIYA,37.5482483,126.9227812
319,상암DMC점,서울 마포구 월드컵북로 396 (상암동),마포구,EDIYA,37.579406,126.8904194
320,상암KBS점,서울 마포구 월드컵북로 375 (상암동),마포구,EDIYA,37.57754000000001,126.89062
321,상암우리기술점,서울 마포구 월드컵북로56길 9 (상암동),마포구,EDIYA,37.5813878,126.8874436
322,상암한샘점,서울 마포구 성암로13길 58 (상암동),마포구,EDIYA,37.575698,126.8977264
323,상암홈플러스점,서울 마포구 월드컵로 240 (성산동),마포구,EDIYA,37.5592762,126.9138751
324,서강대점,서울 마포구 백범로 34 (신수동),마포구,EDIYA,37.5487203,126.9396907
325,서교동점,서울 마포구 와우산로29길 70 (서교동),마포구,EDIYA,37.5563622,126.9265897
326,성산점,서울 마포구 월드컵북로 137 (성산동),마포구,EDIYA,37.5674996,126.9102095
327,성산중앙점,서울 마포구 성미산로 78 (성산동),마포구,EDIYA,37.56031309999999,126.916664
328,신촌그랑자이점,"서울 마포구 대흥로 183 (대흥동, 신촌그랑자이 상가)",마포구,EDIYA,37.5550101,126.9454102
329,신촌로터리점,서울 마포구 서강로 135 (노고산동),마포구,EDIYA,37.5543865,126.9377806
330,신촌숲아이파크점,"서울 마포구 광성로 17 (신수동, 신촌숲아이파크)",마포구,EDIYA,37.5499797,126.934979
331,신촌하나로마트점,"서울 마포구 신촌로 66 (노고산동, 농협중앙회)",마포구,EDIYA,37.5560188,126.9331229
332,애오개역점,서울 마포구 마포대로 208 (아현동),마포구,EDIYA,37.552503,126.9568378
333,오벨리스크점,"서울 마포구 마포대로 33 (도화동, 마포 한화 오벨리스크)",마포구,EDIYA,37.5401173,126.9455986
334,한강공원로점,서울 마포구 망원로 21 (망원동),마포구,EDIYA,37.5563623,126.899403
335,합정LIG점,서울 마포구 양화로1길 21 (합정동),마포구,EDIYA,37.5495343,126.9103471
336,합정동점,서울 마포구 양화로6길 90 (합정동),마포구,EDIYA,37.5482369,126.9190799
337,합정역사거리점,서울 마포구 독막로2길 5 (합정동),마포구,EDIYA,37.5482728,126.9148412
338,합정역점,서울 마포구 양화로11길 54 (서교동),마포구,EDIYA,37.5523,126.913834
339,합정홈플러스점,"서울 마포구 양화로 45 (서교동, 메세나폴리스)",마포구,EDIYA,37.5509108,126.9137604
340,홍대청기와점,서울 마포구 월드컵북로 7 (서교동),마포구,EDIYA,37.55561429999999,126.9206704
341,홍대학원가점,서울 마포구 와우산로 148 (창전동),마포구,EDIYA,37.5462849,126.9314574
342,홍익대점,"서울 마포구 홍익로 10 (서교동, 서교푸르지오)",마포구,EDIYA,37.5537933,126.9236946
343,공덕롯데캐슬점,"서울 마포구 마포대로 109 (공덕동, 롯데캐슬프레지던트)",마포구,EDIYA,37.544931,126.9505963
344,광흥창역점,"서울 마포구 창전로 45 (창전동, 서강한화오벨리스크)",마포구,EDIYA,37.5465933,126.9318228
345,대흥역점,서울 마포구 백범로 100 (대흥동),마포구,EDIYA,37.5474456,126.942358
346,동교중앙점,서울 마포구 동교로27길 8 (동교동),마포구,EDIYA,37.5587341,126.9229881
347,마포공덕역점,서울 마포구 새창로 6 (도화동),마포구,EDIYA,37.5420957,126.9504592
348,마포구청점,서울 마포구 월드컵로 196 (성산동),마포구,EDIYA,37.5644434,126.9061173
349,마포데시앙점,서울 마포구 독막로 320 (도화동),마포구,EDIYA,37.5397629,126.9484766
350,마포성산시영점,서울 마포구 월드컵북로 210 (성산동),마포구,EDIYA,37.5608448,126.916841
351,마포점,서울 마포구 도화길 10 (도화동),마포구,EDIYA,37.5397882,126.9473543
352,망리단길점,"서울 마포구 포은로 81-1 (망원동, S-빌딩)",마포구,EDIYA,37.554317,126.9052684
353,망원역점,서울 마포구 월드컵로 82-1 (서교동),마포구,EDIYA,37.5563756,126.9102193
354,망원중앙점,서울 마포구 월드컵로 147 (망원동),마포구,EDIYA,37.56077200000001,126.9054366
355,상수역점,서울 마포구 와우산로 41-1 (상수동),마포구,EDIYA,37.5482483,126.9227812
356,상암DMC점,서울 마포구 월드컵북로 396 (상암동),마포구,EDIYA,37.579406,126.8904194
357,상암KBS점,서울 마포구 월드컵북로 375 (상암동),마포구,EDIYA,37.57754000000001,126.89062
358,상암우리기술점,서울 마포구 월드컵북로56길 9 (상암동),마포구,EDIYA,37.5813878,126.8874436
359,상암한샘점,서울 마포구 성암로13길 58 (상암동),마포구,EDIYA,37.575698,126.8977264
360,상암홈플러스점,서울 마포구 월드컵로 240 (성산동),마포구,EDIYA,37.5592762,126.9138751
361,서강대점,서울 마포구 백범로 34 (신수동),마포구,EDIYA,37.5487203,126.9396907
362,서교동점,서울 마포구 와우산로29길 70 (서교동),마포구,EDIYA,37.5563622,126.9265897
363,성산점,서울 마포구 월드컵북로 137 (성산동),마포구,EDIYA,37.5674996,126.9102095
364,성산중앙점,서울 마포구 성미산로 78 (성산동),마포구,EDIYA,37.56031309999999,126.916664
365,신촌그랑자이점,"서울 마포구 대흥로 183 (대흥동, 신촌그랑자이 상가)",마포구,EDIYA,37.5550101,126.9454102
366,신촌로터리점,서울 마포구 서강로 135 (노고산동),마포구,EDIYA,37.5543865,126.9377806
367,신촌숲아이파크점,"서울 마포구 광성로 17 (신수동, 신촌숲아이파크)",마포구,EDIYA,37.5499797,126.934979
368,신촌하나로마트점,"서울 마포구 신촌로 66 (노고산동, 농협중앙회)",마포구,EDIYA,37.5560188,126.9331229
369,애오개역점,서울 마포구 마포대로 208 (아현동),마포구,EDIYA,37.552503,126.9568378
370,오벨리스크점,"서울 마포구 마포대로 33 (도화동, 마포 한화 오벨리스크)",마포구,EDIYA,37.5401173,126.9455986
371,한강공원로점,서울 마포구 망원로 21 (망원동),마포구,EDIYA,37.5563623,126.899403
372,합정LIG점,서울 마포구 양화로1길 21 (합정동),마포구,EDIYA,37.5495343,126.9103471
373,합정동점,서울 마포구 양화로6길 90 (합정동),마포구,EDIYA,37.5482369,126.9190799
374,합정역사거리점,서울 마포구 독막로2길 5 (합정동),마포구,EDIYA,37.5482728,126.9148412
375,합정역점,서울 마포구 양화로11길 54 (서교동),마포구,EDIYA,37.5523,126.913834
376,합정홈플러스점,"서울 마포구 양화로 45 (서교동, 메세나폴리스)",마포구,EDIYA,37.5509108,126.9137604
377,홍대청기와점,서울 마포구 월드컵북로 7 (서교동),마포구,EDIYA,37.55561429999999,126.9206704
378,홍대학원가점,서울 마포구 와우산로 148 (창전동),마포구,EDIYA,37.5462849,126.9314574
379,홍익대점,"서울 마포구 홍익로 10 (서교동, 서교푸르지오)",마포구,EDIYA,37.5537933,126.9236946
380,공덕롯데캐슬점,"서울 마포구 마포대로 109 (공덕동, 롯데캐슬프레지던트)",마포구,EDIYA,37.544931,126.9505963
381,광흥창역점,"서울 마포구 창전로 45 (창전동, 서강한화오벨리스크)",마포구,EDIYA,37.5465933,126.9318228
382,대흥역점,서울 마포구 백범로 100 (대흥동),마포구,EDIYA,37.5474456,126.942358
383,동교중앙점,서울 마포구 동교로27길 8 (동교동),마포구,EDIYA,37.5587341,126.9229881
384,마포공덕역점,서울 마포구 새창로 6 (도화동),마포구,EDIYA,37.5420957,126.9504592
385,마포구청점,서울 마포구 월드컵로 196 (성산동),마포구,EDIYA,37.5644434,126.9061173
386,마포데시앙점,서울 마포구 독막로 320 (도화동),마포구,EDIYA,37.5397629,126.9484766
387,마포성산시영점,서울 마포구 월드컵북로 210 (성산동),마포구,EDIYA,37.5608448,126.916841
388,마포점,서울 마포구 도화길 10 (도화동),마포구,EDIYA,37.5397882,126.9473543
389,망리단길점,"서울 마포구 포은로 81-1 (망원동, S-빌딩)",마포구,EDIYA,37.554317,126.9052684
390,망원역점,서울 마포구 월드컵로 82-1 (서교동),마포구,EDIYA,37.5563756,126.9102193
391,망원중앙점,서울 마포구 월드컵로 147 (망원동),마포구,EDIYA,37.56077200000001,126.9054366
392,상수역점,서울 마포구 와우산로 41-1 (상수동),마포구,EDIYA,37.5482483,126.9227812
393,상암DMC점,서울 마포구 월드컵북로 396 (상암동),마포구,EDIYA,37.579406,126.8904194
394,상암KBS점,서울 마포구 월드컵북로 375 (상암동),마포구,EDIYA,37.57754000000001,126.89062
395,상암우리기술점,서울 마포구 월드컵북로56길 9 (상암동),마포구,EDIYA,37.5813878,126.8874436
396,상암한샘점,서울 마포구 성암로13길 58 (상암동),마포구,EDIYA,37.575698,126.8977264
397,상암홈플러스점,서울 마포구 월드컵로 240 (성산동),마포구,EDIYA,37.5592762,126.9138751
398,서강대점,서울 마포구 백범로 34 (신수동),마포구,EDIYA,37.5487203,126.9396907
399,서교동점,서울 마포구 와우산로29길 70 (서교동),마포구,EDIYA,37.5563622,126.9265897
400,성산점,서울 마포구 월드컵북로 137 (성산동),마포구,EDIYA,37.5674996,126.9102095
401,성산중앙점,서울 마포구 성미산로 78 (성산동),마포구,EDIYA,37.56031309999999,126.916664
402,신촌그랑자이점,"서울 마포구 대흥로 183 (대흥동, 신촌그랑자이 상가)",마포구,EDIYA,37.5550101,126.9454102
403,신촌로터리점,서울 마포구 서강로 135 (노고산동),마포구,EDIYA,37.5543865,126.9377806
404,신촌숲아이파크점,"서울 마포구 광성로 17 (신수동, 신촌숲아이파크)",마포구,EDIYA,37.5499797,126.934979
405,신촌하나로마트점,"서울 마포구 신촌로 66 (노고산동, 농협중앙회)",마포구,EDIYA,37.5560188,126.9331229
406,애오개역점,서울 마포구 마포대로 208 (아현동),마포구,EDIYA,37.552503,126.9568378
407,오벨리스크점,"서울 마포구 마포대로 33 (도화동, 마포 한화 오벨리스크)",마포구,EDIYA,37.5401173,126.9455986
408,한강공원로점,서울 마포구 망원로 21 (망원동),마포구,EDIYA,37.5563623,126.899403
409,합정LIG점,서울 마포구 양화로1길 21 (합정동),마포구,EDIYA,37.5495343,126.9103471
410,합정동점,서울 마포구 양화로6길 90 (합정동),마포구,EDIYA,37.5482369,126.9190799
411,합정역사거리점,서울 마포구 독막로2길 5 (합정동),마포구,EDIYA,37.5482728,126.9148412
412,합정역점,서울 마포구 양화로11길 54 (서교동),마포구,EDIYA,37.5523,126.913834
413,합정홈플러스점,"서울 마포구 양화로 45 (서교동, 메세나폴리스)",마포구,EDIYA,37.5509108,126.9137604
414,홍대청기와점,서울 마포구 월드컵북로 7 (서교동),마포구,EDIYA,37.55561429999999,126.9206704
415,홍대학원가점,서울 마포구 와우산로 148 (창전동),마포구,EDIYA,37.5462849,126.9314574
416,홍익대점,"서울 마포구 홍익로 10 (서교동, 서교푸르지오)",마포구,EDIYA,37.5537933,126.9236946
417,공덕롯데캐슬점,"서울 마포구 마포대로 109 (공덕동, 롯데캐슬프레지던트)",마포구,EDIYA,37.544931,126.9505963
418,광흥창역점,"서울 마포구 창전로 45 (창전동, 서강한화오벨리스크)",마포구,EDIYA,37.5465933,126.9318228
419,대흥역점,서울 마포구 백범로 100 (대흥동),마포구,EDIYA,37.5474456,126.942358
420,동교중앙점,서울 마포구 동교로27길 8 (동교동),마포구,EDIYA,37.5587341,126.9229881
421,마포공덕역점,서울 마포구 새창로 6 (도화동),마포구,EDIYA,37.5420957,126.9504592
422,마포구청점,서울 마포구 월드컵로 196 (성산동),마포구,EDIYA,37.5644434,126.9061173
423,마포데시앙점,서울 마포구 독막로 320 (도화동),마포구,EDIYA,37.5397629,126.9484766
424,마포성산시영점,서울 마포구 월드컵북로 210 (성산동),마포구,EDIYA,37.5608448,126.916841
425,마포점,서울 마포구 도화길 10 (도화동),마포구,EDIYA,37.5397882,126.9473543
426,망리단길점,"서울 마포구 포은로 81-1 (망원동, S-빌딩)",마포구,EDIYA,37.554317,126.9052684
427,망원역점,서울 마포구 월드컵로 82-1 (서교동),마포구,EDIYA,37.5563756,126.9102193
428,망원중앙점,서울 마포구 월드컵로 147 (망원동),마포구,EDIYA,37.56077200000001,126.9054366
429,상수역점,서울 마포구 와우산로 41-1 (상수동),마포구,EDIYA,37.5482483,126.9227812
430,상암DMC점,서울 마포구 월드컵북로 396 (상암동),마포구,EDIYA,37.579406,126.8904194
431,상암KBS점,서울 마포구 월드컵북로 375 (상암동),마포구,EDIYA,37.57754000000001,126.89062
432,상암우리기술점,서울 마포구 월드컵북로56길 9 (상암동),마포구,EDIYA,37.5813878,126.8874436
433,상암한샘점,서울 마포구 성암로13길 58 (상암동),마포구,EDIYA,37.575698,126.8977264
434,상암홈플러스점,서울 마포구 월드컵로 240 (성산동),마포구,EDIYA,37.5592762,126.9138751
435,서강대점,서울 마포구 백범로 34 (신수동),마포구,EDIYA,37.5487203,126.9396907
436,서교동점,서울 마포구 와우산로29길 70 (서교동),마포구,EDIYA,37.5563622,126.9265897
437,성산점,서울 마포구 월드컵북로 137 (성산동),마포구,EDIYA,37.5674996,126.9102095
438,성산중앙점,서울 마포구 성미산로 78 (성산동),마포구,EDIYA,37.56031309999999,126.916664
439,신촌그랑자이점,"서울 마포구 대흥로 183 (대흥동, 신촌그랑자이 상가)",마포구,EDIYA,37.5550101,126.9454102
440,신촌로터리점,서울 마포구 서강로 135 (노고산동),마포구,EDIYA,37.5543865,126.9377806
441,신촌숲아이파크점,"서울 마포구 광성로 17 (신수동, 신촌숲아이파크)",마포구,EDIYA,37.5499797,126.934979
442,신촌하나로마트점,"서울 마포구 신촌로 66 (노고산동, 농협중앙회)",마포구,EDIYA,37.5560188,126.9331229
443,애오개역점,서울 마포구 마포대로 208 (아현동),마포구,EDIYA,37.552503,126.9568378
444,오벨리스크점,"서울 마포구 마포대로 33 (도화동, 마포 한화 오벨리스크)",마포구,EDIYA,37.5401173,126.9455986
445,한강공원로점,서울 마포구 망원로 21 (망원동),마포구,EDIYA,37.5563623,126.899403
446,합정LIG점,서울 마포구 양화로1길 21 (합정동),마포구,EDIYA,37.5495343,126.9103471
447,합정동점,서울 마포구 양화로6길 90 (합정동),마포구,EDIYA,37.5482369,126.9190799
448,합정역사거리점,서울 마포구 독막로2길 5 (합정동),마포구,EDIYA,37.5482728,126.9148412
449,합정역점,서울 마포구 양화로11길 54 (서교동),마포구,EDIYA,37.5523,126.913834
450,합정홈플러스점,"서울 마포구 양화로 45 (서교동, 메세나폴리스)",마포구,EDIYA,37.5509108,126.9137604
451,홍대청기와점,서울 마포구 월드컵북로 7 (서교동),마포구,EDIYA,37.55561429999999,126.9206704
452,홍대학원가점,서울 마포구 와우산로 148 (창전동),마포구,EDIYA,37.5462849,126.9314574
453,홍익대점,"서울 마포구 홍익로 10 (서교동, 서교푸르지오)",마포구,EDIYA,37.5537933,126.9236946
454,공덕롯데캐슬점,"서울 마포구 마포대로 109 (공덕동, 롯데캐슬프레지던트)",마포구,EDIYA,37.544931,126.9505963
455,광흥창역점,"서울 마포구 창전로 45 (창전동, 서강한화오벨리스크)",마포구,EDIYA,37.5465933,126.9318228
456,대흥역점,서울 마포구 백범로 100 (대흥동),마포구,EDIYA,37.5474456,126.942358
457,동교중앙점,서울 마포구 동교로27길 8 (동교동),마포구,EDIYA,37.5587341,126.9229881
458,마포공덕역점,서울 마포구 새창로 6 (도화동),마포구,EDIYA,37.5420957,126.9504592
459,마포구청점,서울 마포구 월드컵로 196 (성산동),마포구,EDIYA,37.5644434,126.9061173
460,마포데시앙점,서울 마포구 독막로 320 (도화동),마포구,EDIYA,37.5397629,126.9484766
461,마포성산시영점,서울 마포구 월드컵북로 210 (성산동),마포구,EDIYA,37.5608448,126.916841
462,마포점,서울 마포구 도화길 10 (도화동),마포구,EDIYA,37.5397882,126.9473543
463,망리단길점,"서울 마포구 포은로 81-1 (망원동, S-빌딩)",마포구,EDIYA,37.554317,126.9052684
464,망원역점,서울 마포구 월드컵로 82-1 (서교동),마포구,EDIYA,37.5563756,126.9102193
465,망원중앙점,서울 마포구 월드컵로 147 (망원동),마포구,EDIYA,37.56077200000001,126.9054366
466,상수역점,서울 마포구 와우산로 41-1 (상수동),마포구,EDIYA,37.5482483,126.9227812
467,상암DMC점,서울 마포구 월드컵북로 396 (상암동),마포구,EDIYA,37.579406,126.8904194
468,상암KBS점,서울 마포구 월드컵북로 375 (상암동),마포구,EDIYA,37.57754000000001,126.89062
469,상암우리기술점,서울 마포구 월드컵북로56길 9 (상암동),마포구,EDIYA,37.5813878,126.8874436
470,상암한샘점,서울 마포구 성암로13길 58 (상암동),마포구,EDIYA,37.575698,126.8977264
471,상암홈플러스점,서울 마포구 월드컵로 240 (성산동),마포구,EDIYA,37.5592762,126.9138751
472,서강대점,서울 마포구 백범로 34 (신수동),마포구,EDIYA,37.5487203,126.9396907
473,서교동점,서울 마포구 와우산로29길 70 (서교동),마포구,EDIYA,37.5563622,126.9265897
474,성산점,서울 마포구 월드컵북로 137 (성산동),마포구,EDIYA,37.5674996,126.9102095
475,성산중앙점,서울 마포구 성미산로 78 (성산동),마포구,EDIYA,37.56031309999999,126.916664
476,신촌그랑자이점,"서울 마포구 대흥로 183 (대흥동, 신촌그랑자이 상가)",마포구,EDIYA,37.5550101,126.9454102
477,신촌로터리점,서울 마포구 서강로 135 (노고산동),마포구,EDIYA,37.5543865,126.9377806
478,신촌숲아이파크점,"서울 마포구 광성로 17 (신수동, 신촌숲아이파크)",마포구,EDIYA,37.5499797,126.934979
479,신촌하나로마트점,"서울 마포구 신촌로 66 (노고산동, 농협중앙회)",마포구,EDIYA,37.5560188,126.9331229
480,애오개역점,서울 마포구 마포대로 208 (아현동),마포구,EDIYA,37.552503,126.9568378
481,오벨리스크점,"서울 마포구 마포대로 33 (도화동, 마포 한화 오벨리스크)",마포구,EDIYA,37.5401173,126.9455986
482,한강공원로점,서울 마포구 망원로 21 (망원동),마포구,EDIYA,37.5563623,126.899403
483,합정LIG점,서울 마포구 양화로1길 21 (합정동),마포구,EDIYA,37.5495343,126.9103471
484,합정동점,서울 마포구 양화로6길 90 (합정동),마포구,EDIYA,37.5482369,126.9190799
485,합정역사거리점,서울 마포구 독막로2길 5 (합정동),마포구,EDIYA,37.5482728,126.9148412
486,합정역점,서울 마포구 양화로11길 54 (서교동),마포구,EDIYA,37.5523,126.913834
487,합정홈플러스점,"서울 마포구 양화로 45 (서교동, 메세나폴리스)",마포구,EDIYA,37.5509108,126.9137604
488,홍대청기와점,서울 마포구 월드컵북로 7 (서교동),마포구,EDIYA,37.55561429999999,126.9206704
489,홍대학원가점,서울 마포구 와우산로 148 (창전동),마포구,EDIYA,37.5462849,126.9314574
490,홍익대점,"서울 마포구 홍익로 10 (서교동, 서교푸르지오)",마포구,EDIYA,37.5537933,126.9236946
491,강남센트럴시티점,"서울 서초구 신반포로 176 (반포동, 센트럴시티)",서초구,EDIYA,37.5041299,127.0030692
492,교대역점,"서울 서초구 서초대로56길 22 (서초동, 성운빌딩)",서초구,EDIYA,37.4977102,126.9978029
493,교육개발원사거리점,"서울 서초구 바우뫼로 180 (양재동, 신송빌딩)",서초구,EDIYA,37.4795012,127.0390174
494,국립국악원점,"서울 서초구 남부순환로 2364 (서초동, 국립국악원)",서초구,EDIYA,37.4777592,127.0083043
495,국립중앙도서관디지털관점,"서울 서초구 반포대로 201 (반포동, 국립중앙도서관)",서초구,EDIYA,37.497689,127.0028333
496,국립중앙도서관본관점,"서울 서초구 반포대로 201 (반포동, 국립중앙도서관)",서초구,EDIYA,37.497689,127.0028333
497,남부터미널점,서울 서초구 서초동,서초구,EDIYA,37.4883869,127.0167954
498,내방역점,"서울 서초구 서초대로 108 (방배동, 삼보빌딩)",서초구,EDIYA,37.4856837,126.9873598
499,반포지하상가점,"서울 서초구 신반포로 지하 200 (잠원동, 강남터미널지하쇼핑몰)",서초구,EDIYA,37.5054982,127.0011512
500,방배역점,서울 서초구 방배로 87 (방배동),서초구,EDIYA,37.4821791,126.9968865
501,방배중앙점,"서울 서초구 동광로 1 (방배동, 대양빌딩)",서초구,EDIYA,37.4910721,126.9830254
502,서울고교점,서울 서초구 서초동,서초구,EDIYA,37.4883869,127.0167954
503,서울고속버스터미널점,"서울 서초구 신반포로 194 (반포동, 강남고속버스터미널)",서초구,EDIYA,37.506123,127.003846
504,서울교대점,서울 서초구 서초동,서초구,EDIYA,37.4883869,127.0167954
505,서초법조타운점,"서울 서초구 서초중앙로24길 7 (서초동, 동천빌딩)",서초구,EDIYA,37.4947862,127.0144996
506,서초역점,서울 서초구 서초동,서초구,EDIYA,37.4883869,127.0167954
507,서초우면중앙점,"서울 서초구 양재대로2길 100-11 (우면동, 서초 리슈빌S)",서초구,EDIYA,37.4562077,127.0162033
508,서초점,서울 서초구 서초대로48길 16 (서초동),서초구,EDIYA,37.4920546,127.0113348
509,신논현역점,서울 서초구 강남대로79길 10 (반포동),서초구,EDIYA,37.5053121,127.0232155
510,신사멀버리힐스점,서울 서초구 강남대로 589 (잠원동),서초구,EDIYA,37.5143873,127.01915
511,양재언남점,"서울 서초구 동산로 60 (양재동, 화성빌딩)",서초구,EDIYA,37.46854769999999,127.0278008
512,양재점,서울 서초구 남부순환로347길 38 (서초동),서초구,EDIYA,37.4860392,127.0314902
513,양재중앙점,"서울 서초구 강남대로 221 (양재동, 양재역 환승주차장)",서초구,EDIYA,37.4785467,127.0413269
514,양재하나로마트점,"서울 서초구 청계산로 10 (양재동, 농협하나로클럽)",서초구,EDIYA,37.4627988,127.0438675
515,예술의전당점,"서울 서초구 반포대로 32 (서초동, 원일빌딩)",서초구,EDIYA,37.4833789,127.0121074
516,우면동점,"서울 서초구 바우뫼로 20 (우면동, 고호빌딩)",서초구,EDIYA,37.4699641,127.025301
517,잠원논현점,서울 서초구 신반포로 333 (잠원동),서초구,EDIYA,37.510918,127.0200692
518,청계산입구역점,서울 서초구 신원동,서초구,EDIYA,37.4441742,127.062145
519,함지박사거리점,서울 서초구 방배로 234 우신빌딩,서초구,EDIYA,37.4780738,127.0007198
520,CBS본사점,서울 양천구 목동서로 159-1 (목동),양천구,EDIYA,37.5283066,126.8748903
521,강서초교점,서울 양천구 오목로 48 (신월동),양천구,EDIYA,37.5220052,126.8429459
522,남부지방법원점,"서울 양천구 은행정로4길 25 (신정동, SM엘루이아파트)",양천구,EDIYA,37.5215383,126.8625376
523,목3동점,"서울 양천구 목동중앙북로 38 (목동, 롯데캐슬위너아파트)",양천구,EDIYA,37.5468869,126.8672611
524,목4동점,서울 양천구 목동중앙본로7길 46 (목동),양천구,EDIYA,37.5394977,126.866131
525,목동남부점,서울 양천구 목동남로 46 (신정동),양천구,EDIYA,37.5087642,126.8647447
526,목동등촌로점,서울 양천구 등촌로 180 (목동),양천구,EDIYA,37.5456904,126.8626862
527,목동로데오점,서울 양천구 목동로 219 (신정동),양천구,EDIYA,37.5279647,126.8638136
528,목동센트럴아이파크위브점,서울 양천구 남부순환로 603 (신월동),양천구,EDIYA,37.5152106,126.8406704
529,목동신목점,"서울 양천구 목동중앙로 85 (목동, 강산아파트)",양천구,EDIYA,37.5370203,126.8714588
530,목동신트리점,"서울 양천구 신정로 312 (신정동, 뉴프라자)",양천구,EDIYA,37.5132372,126.8555397
531,목동아델리체점,"서울 양천구 중앙로43길 14 (신정동, 래미안 목동아델리체)",양천구,EDIYA,37.5181273,126.8519807
532,목동중앙점,"서울 양천구 목동서로 287 (신정동, 동문비젼오피스텔)",양천구,EDIYA,37.5215106,126.8690925
533,목동파라곤점,서울 양천구 목동서로 155 (목동),양천구,EDIYA,37.5295038,126.8751635
534,목동파리공원점,서울 양천구 목동동로 379 (목동),양천구,EDIYA,37.5356048,126.8787598
535,서남병원점,서울 양천구 신정동,양천구,EDIYA,37.5151795,126.8557093
536,신월5동점,서울 양천구 화곡로 50 (신월동),양천구,EDIYA,37.5391718,126.8274318
537,신월7동점,서울 양천구 지양로 79 (신월동),양천구,EDIYA,37.5224237,126.832963
538,신월사거리점,서울 양천구 남부순환로 353 (신월동),양천구,EDIYA,37.5356811,126.8289529
539,신월신곡시장점,서울 양천구 신월로 172 (신월동),양천구,EDIYA,37.5182998,126.8426841
540,신정네거리역점,서울 양천구 중앙로 282 (신정동),양천구,EDIYA,37.5215815,126.8526466
541,신정서부점,서울 양천구 신정로11길 50-15 (신정동),양천구,EDIYA,37.5122198,126.8383477
542,신정역점,서울 양천구 오목로 155 (신정동),양천구,EDIYA,37.5249828,126.8546524
543,양천구청점,서울 양천구 목동동로 63 (신정동),양천구,EDIYA,37.5153085,126.862318
544,오목교대학학원점,서울 양천구 오목로 319 (목동),양천구,EDIYA,37.5250805,126.8730752
545,오목교역점,서울 양천구 신목로 102 (목동),양천구,EDIYA,37.5235882,126.8758373
546,올림픽프라자점,서울 송파구 양재대로 1222 (방이동),송파구,EDIYA,37.5158257,127.1322182
547,위례포레샤인점,"서울 송파구 위례순환로 477 (장지동, 위례포레샤인23단지)",송파구,EDIYA,37.4756315,127.1358673
548,잠실나루역점,"서울 송파구 올림픽로35길 104 (신천동, 장미아파트)",송파구,EDIYA,37.5188846,127.0992806
549,잠실본동점,"서울 송파구 백제고분로 172 (잠실동, 제이케이빌딩)",송파구,EDIYA,37.5060163,127.0825999
550,잠실역점,"서울 송파구 송파대로 567 (잠실동, 잠실주공아파트)",송파구,EDIYA,37.5136513,127.0940776
551,갈현점,서울 은평구 갈현로 268 (갈현동),은평구,EDIYA,37.6206976,126.9166921
552,구산사거리점,서울 은평구 서오릉로 195 (구산동),은평구,EDIYA,37.6138211,126.9111839
553,구산역점,서울 은평구 연서로 148 (대조동),은평구,EDIYA,37.6119882,126.9176334
554,구파발역점,"서울 은평구 진관2로 29-21 (진관동, 드림스퀘어)",은평구,EDIYA,37.6356924,126.9193269
555,녹번동점,"서울 은평구 진흥로 156 (녹번동, 신명빌딩)",은평구,EDIYA,37.6024905,126.9248074
556,녹번중앙점,"서울 은평구 통일로 635 (녹번동, 녹번동메카오피스텔)",은평구,EDIYA,37.6032819,126.9346515
557,독바위역점,"서울 은평구 불광로 128 (불광동, 배진하우스)",은평구,EDIYA,37.6181467,126.9333039
558,백련산아이파크점,"서울 은평구 응암로 264 (응암동, 서울빌딩)",은평구,EDIYA,37.5844969,126.9142648
559,본서부병원점,"서울 은평구 응암로 337 (응암동, 빛터룩스 빌딩)",은평구,EDIYA,37.6012692,126.9221517
560,불광역점,서울 은평구 통일로 731 (대조동),은평구,EDIYA,37.6105363,126.9292987
561,불광연서로점,서울 은평구 연서로 275 (불광동),은평구,EDIYA,37.6116669,126.9303753
562,불광중앙점,서울 은평구 불광로 59 (불광동),은평구,EDIYA,37.6123503,126.9317118
563,새절역점,서울 은평구 가좌로 272 (신사동),은평구,EDIYA,37.595613,126.9072033
564,서광교회점,"서울 은평구 통일로 951 (갈현동, 서광교회)",은평구,EDIYA,37.6277286,126.9191848
565,수색역점,서울 은평구 수색로 250 (수색동),은평구,EDIYA,37.58191540000001,126.8963394
566,역촌동점,서울 은평구 갈현로 82 (역촌동),은평구,EDIYA,37.6016815,126.914373
567,역촌사거리점,서울 은평구 서오릉로 100 (대조동),은평구,EDIYA,37.6089352,126.9210376
568,역촌역점,서울 은평구 진흥로 95 (역촌동),은평구,EDIYA,37.6054513,126.9221274
569,역촌진흥로점,서울 은평구 진흥로1길 3 (역촌동),은평구,EDIYA,37.6080108,126.9193546
570,연신내역점,서울 은평구 통일로 855-9 (갈현동),은평구,EDIYA,37.621541,126.913578
571,연신내중앙점,서울 은평구 통일로 825 (대조동),은평구,EDIYA,37.6170416,126.9226931
572,연신내통일로점,서울 은평구 통일로 876 (불광동),은평구,EDIYA,37.6211963,126.9202773
573,은평구청점,서울 은평구 은평로 197 (녹번동),은평구,EDIYA,37.6016097,126.9296461
574,은평뉴타운점,"서울 은평구 진관3로 70 (진관동, 은평뉴타운상림마을)",은평구,EDIYA,37.64222120000001,126.9226464
575,은평이마트점,"서울 은평구 은평로 111 (응암동, 은평이마트)",은평구,EDIYA,37.6003946,126.9202149
576,응암역점,"서울 은평구 연서로 9 (역촌동, 센타폴리스)",은평구,EDIYA,37.6064781,126.9158807
577,응암오거리점,서울 은평구 응암로 211 (응암동),은평구,EDIYA,37.5908957,126.9171252
578,응암중앙점,서울 은평구 응암로 183 (응암동),은평구,EDIYA,37.588427,126.9166431
579,증산동점,서울 은평구 증산서길 78 (증산동),은평구,EDIYA,37.5833299,126.9065244
580,한성대점,서울 성북구 삼선교로 10 (삼선동1가),성북구,EDIYA,37.5877339,127.0069093
581,KBS별관점,"서울 영등포구 국제금융로8길 27-9 (여의도동, 동북빌딩)",영등포구,EDIYA,37.5196169,126.9289537
582,국회의사당역점,"서울 영등포구 의사당대로 22 (여의도동, 이룸센터)",영등포구,EDIYA,37.5268741,126.9178845
583,남부고용센터점,서울 영등포구 양산로 71 (양평동3가),영등포구,EDIYA,37.5298878,126.8925186
584,당산버드나루점,서울 영등포구 버드나루로 87 (영등포동7가),영등포구,EDIYA,37.5247954,126.9073163
585,당산역점,"서울 영등포구 당산로 222 (당산동5가, 당산디오빌)",영등포구,EDIYA,37.5332974,126.9022397
586,당산중앙점,서울 영등포구 당산로 159 (당산동4가),영등포구,EDIYA,37.5290596,126.8990822
587,대림1동점,서울 영등포구 도림로 198 (대림동),영등포구,EDIYA,37.4964372,126.9028423
588,대림3동점,서울 영등포구 대림로 212 (대림동),영등포구,EDIYA,37.4995842,126.8981872
589,대림역점,서울 영등포구 도림로31길 2 (대림동),영등포구,EDIYA,37.4925474,126.8959255
590,도림사거리점,서울 영등포구 도림로 326 (신길동),영등포구,EDIYA,37.5065815,126.9018001
591,도림점,"서울 영등포구 도신로15길 40 (도림동, 도림빌딩)",영등포구,EDIYA,37.5105926,126.9087737
592,라이프점,"서울 영등포구 63로 40 (여의도동, 라이프오피스텔)",영등포구,EDIYA,37.519494,126.939272
593,보라매역점,서울 영등포구 여의대방로 141 (신길동),영등포구,EDIYA,37.5074476,126.9167988
594,서여의도점,"서울 영등포구 국회대로72길 4 (여의도동, 아이비피아빌딩)",영등포구,EDIYA,37.5303055,126.9199634
595,선유도역점,서울 영등포구 양평로 126 (양평동5가),영등포구,EDIYA,37.5411723,126.8944337
596,신길성애병원점,서울 영등포구 여의대방로53길 27 (신길동),영등포구,EDIYA,37.517783,126.9172836
597,신길썬프라자점,서울 영등포구 신길로 42 (신길동),영등포구,EDIYA,37.4964769,126.9086271
598,신길아이파크점,서울 영등포구 도림로 280 (신길동),영등포구,EDIYA,37.5029408,126.9042156
599,신길역점,서울 영등포구 영등포로 353 (신길동),영등포구,EDIYA,37.5150708,126.918095
600,신길중앙점,서울 영등포구 도신로 229 (신길동),영등포구,EDIYA,37.5121997,126.9165053
601,신풍역점,서울 영등포구 신풍로 52-1 (신길동),영등포구,EDIYA,37.4999459,126.9117931
602,양평동2가점,"서울 영등포구 선유서로25길 19 (양평동2가, 오목교투웨니퍼스트)",영등포구,EDIYA,37.5243251,126.8837313
603,여의나루역점,서울 영등포구 여의나루로 113 (여의도동),영등포구,EDIYA,37.5260288,126.9307511
604,여의도농협재단점,"서울 영등포구 국제금융로8길 2 (여의도동, 농협재단빌딩)",영등포구,EDIYA,37.5219838,126.930031
605,여의도역점,"서울 영등포구 의사당대로 108 (여의도동, 아일렉스)",영등포구,EDIYA,37.5210236,126.9240116
606,영등포knk점,"서울 영등포구 영신로 220 (영등포동8가, KnK디지털타워)",영등포구,EDIYA,37.526554,126.904299
607,영등포그랜드점,"서울 영등포구 양산로9길 15 (양평동3가, 그랜드타워)",영등포구,EDIYA,37.5256479,126.8888824
608,영등포시장점,서울 영등포구 영등포로35길 19 (영등포동6가),영등포구,EDIYA,37.5226874,126.9045536
609,영등포아크로타워점,"서울 영등포구 국회대로54길 10 (영등포동7가, 아크로타워 스퀘어)",영등포구,EDIYA,37.523105,126.9072522
610,영등포에이스점,서울 영등포구 경인로 775 (문래동3가),영등포구,EDIYA,37.5172698,126.8957152
611,영등포점,서울 영등포구 영중로 16-1 (영등포동3가),영등포구,EDIYA,37.5188726,126.9071635
612,영등포코레일점,"서울 영등포구 경인로 846 (영등포동, 영등포 민자역사)",영등포구,EDIYA,37.5159228,126.9073727
613,영등포홈플러스점,"서울 영등포구 당산로 42 (문래동3가, 홈플러스)",영등포구,EDIYA,37.5189835,126.8987059
614,한강성심병원점,서울 영등포구 버드나루로 51 (영등포동2가),영등포구,EDIYA,37.5206095,126.9121946
615,한국수출입은행점,"서울 영등포구 은행로 38 (여의도동, 한국수출입은행빌딩)",영등포구,EDIYA,37.5286052,126.9233963
616,힐스테이트클래시안점,"서울 영등포구 신길로28길 9 (신길동, 힐스테이트 클래시안)",영등포구,EDIYA,37.5036812,126.9125914
617,강동고덕교차로점,"서울 강동구 고덕로 421 (강일동, 대한연세요양원)",강동구,EDIYA,37.55737130000001,127.1725399
618,강동구청점,"서울 강동구 성내로6길 20 (성내동, 청일 베르네)",강동구,EDIYA,37.5288753,127.1222899
619,강동성내점,서울 강동구 풍성로 162 (성내동),강동구,EDIYA,37.5304813,127.1298584
620,강동신명초교점,"서울 강동구 명일로 260 (길동, 길동신동아아파트)",강동구,EDIYA,37.5396157,127.1459293
621,강동역점,"서울 강동구 천호대로 1065 (천호동, 강동상떼빌)",강동구,EDIYA,37.5369841,127.1304589
622,강일점,"서울 강동구 아리수로93길 19 (강일동, 임페리얼타워)",강동구,EDIYA,37.5653789,127.1741146
623,고덕강일2지구점,서울 강동구 아리수로93나길 76 (강일동),강동구,EDIYA,37.5721986,127.1742256
624,고덕그라시움후문점,서울 강동구 동남로82길 121 (고덕동),강동구,EDIYA,37.5642658,127.1671244
625,고덕래미안힐스점,"서울 강동구 아리수로50길 50 (고덕동, 래미안힐스테이트고덕)",강동구,EDIYA,37.5602282,127.1493354
626,고덕점,"서울 강동구 동남로75길 19 (명일동, 명일빌딩)",강동구,EDIYA,37.5540951,127.1551471
627,굽은다리역점,서울 강동구 양재대로 1543 (천호동),강동구,EDIYA,37.5436039,127.1418629
628,길동사거리점,서울 강동구 천호대로 1132 (성내동),강동구,EDIYA,37.5304933,127.128992
629,길동역점,서울 강동구 양재대로 1471 (길동),강동구,EDIYA,37.5372822,127.1394091
630,길동중앙점,서울 강동구 명일로 200 (길동),강동구,EDIYA,37.5365347,127.1459382
631,둔촌점,서울 강동구 양재대로 1377 (성내동),강동구,EDIYA,37.5304933,127.128992
632,명일역점,"서울 강동구 구천면로 424 (명일동, 명일메가타운)",강동구,EDIYA,37.5503165,127.1455692
633,명일중앙점,"서울 강동구 상암로 210 (명일동, 명일현대종합상가)",강동구,EDIYA,37.5484567,127.1487867
634,보훈병원점,"서울 강동구 명일로 110 (둔촌동, 둔촌동암펠로스타워)",강동구,EDIYA,37.5287091,127.1431767
635,상일리엔파크점,"서울 강동구 상일로 74 (상일동, 고덕리엔파크3단지아파트)",강동구,EDIYA,37.5525612,127.1752562
636,암사3동점,"서울 강동구 고덕로 140 (암사동, 프라이어팰리스)",강동구,EDIYA,37.5534915,127.1390945
637,암사역점,"서울 강동구 올림픽로 782 (암사동, 501타워)",강동구,EDIYA,37.5508357,127.1281014
638,암사중앙점,"서울 강동구 암사길 50 (암사동, 제이빌더스)",강동구,EDIYA,37.5515869,127.1348633
639,올림픽북문점,서울 강동구 성안로 7 (성내동),강동구,EDIYA,37.5245419,127.1288923
640,천호1동점,"서울 강동구 구천면로34길 43 (천호동, 헤리티지)",강동구,EDIYA,37.5451714,127.1414108
641,천호로데오점,서울 강동구 천호대로 1027 (천호동),강동구,EDIYA,37.5382414,127.1263464
642,천호중앙점,"서울 강동구 올림픽로 660 (천호동, 천호엘크루주상복합)",강동구,EDIYA,37.54017959999999,127.1244282
643,천호초교사거리점,"서울 강동구 구천면로 304 (천호동, 일주빌딩)",강동구,EDIYA,37.5475386,127.1305581
644,천호현대점,서울 강동구 올림픽로 665 (천호동),강동구,EDIYA,37.5410289,127.1237152
645,충정로역점,"서울 중구 중림로 10 (중림동, 중림동 삼성 사이버 빌리지)",중구,EDIYA,37.5587312,126.9649372
646,태평로점,서울 중구 세종대로11길 26 (서소문동),중구,EDIYA,37.5638282,126.9752055
647,퇴계로2길점,서울 중구 퇴계로2길 1 (남창동),중구,EDIYA,37.5609292,126.9787635
648,한국은행점,서울 중구 남대문로 29-2 (남대문로3가),중구,EDIYA,37.5614432,126.9789639
649,황학롯데캐슬점,"서울 중구 청계천로 400 (황학동, 롯데캐슬베네치아)",중구,EDIYA,37.5712191,127.0213001
650,회현SK리더스점,"서울 중구 퇴계로 72 (회현동1가, 리더스뷰남산)",중구,EDIYA,37.5592302,126.9806639
651,강동고덕교차로점,"서울 강동구 고덕로 421 (강일동, 대한연세요양원)",강동구,EDIYA,37.55737130000001,127.1725399
652,강동구청점,"서울 강동구 성내로6길 20 (성내동, 청일 베르네)",강동구,EDIYA,37.5288753,127.1222899
653,강동성내점,서울 강동구 풍성로 162 (성내동),강동구,EDIYA,37.5304813,127.1298584
654,강동신명초교점,"서울 강동구 명일로 260 (길동, 길동신동아아파트)",강동구,EDIYA,37.5396157,127.1459293
655,강동역점,"서울 강동구 천호대로 1065 (천호동, 강동상떼빌)",강동구,EDIYA,37.5369841,127.1304589
656,강일점,"서울 강동구 아리수로93길 19 (강일동, 임페리얼타워)",강동구,EDIYA,37.5653789,127.1741146
657,고덕강일2지구점,서울 강동구 아리수로93나길 76 (강일동),강동구,EDIYA,37.5721986,127.1742256
658,고덕그라시움후문점,서울 강동구 동남로82길 121 (고덕동),강동구,EDIYA,37.5642658,127.1671244
659,고덕래미안힐스점,"서울 강동구 아리수로50길 50 (고덕동, 래미안힐스테이트고덕)",강동구,EDIYA,37.5602282,127.1493354
660,고덕점,"서울 강동구 동남로75길 19 (명일동, 명일빌딩)",강동구,EDIYA,37.5540951,127.1551471
661,굽은다리역점,서울 강동구 양재대로 1543 (천호동),강동구,EDIYA,37.5436039,127.1418629
662,길동사거리점,서울 강동구 천호대로 1132 (성내동),강동구,EDIYA,37.5304933,127.128992
663,길동역점,서울 강동구 양재대로 1471 (길동),강동구,EDIYA,37.5372822,127.1394091
664,길동중앙점,서울 강동구 명일로 200 (길동),강동구,EDIYA,37.5365347,127.1459382
665,둔촌점,서울 강동구 양재대로 1377 (성내동),강동구,EDIYA,37.5304933,127.128992
666,명일역점,"서울 강동구 구천면로 424 (명일동, 명일메가타운)",강동구,EDIYA,37.5503165,127.1455692
667,명일중앙점,"서울 강동구 상암로 210 (명일동, 명일현대종합상가)",강동구,EDIYA,37.5484567,127.1487867
668,보훈병원점,"서울 강동구 명일로 110 (둔촌동, 둔촌동암펠로스타워)",강동구,EDIYA,37.5287091,127.1431767
669,상일리엔파크점,"서울 강동구 상일로 74 (상일동, 고덕리엔파크3단지아파트)",강동구,EDIYA,37.5525612,127.1752562
670,암사3동점,"서울 강동구 고덕로 140 (암사동, 프라이어팰리스)",강동구,EDIYA,37.5534915,127.1390945
671,암사역점,"서울 강동구 올림픽로 782 (암사동, 501타워)",강동구,EDIYA,37.5508357,127.1281014
672,암사중앙점,"서울 강동구 암사길 50 (암사동, 제이빌더스)",강동구,EDIYA,37.5515869,127.1348633
673,올림픽북문점,서울 강동구 성안로 7 (성내동),강동구,EDIYA,37.5245419,127.1288923
674,천호1동점,"서울 강동구 구천면로34길 43 (천호동, 헤리티지)",강동구,EDIYA,37.5451714,127.1414108
675,천호로데오점,서울 강동구 천호대로 1027 (천호동),강동구,EDIYA,37.5382414,127.1263464
676,천호중앙점,"서울 강동구 올림픽로 660 (천호동, 천호엘크루주상복합)",강동구,EDIYA,37.54017959999999,127.1244282
677,천호초교사거리점,"서울 강동구 구천면로 304 (천호동, 일주빌딩)",강동구,EDIYA,37.5475386,127.1305581
678,천호현대점,서울 강동구 올림픽로 665 (천호동),강동구,EDIYA,37.5410289,127.1237152
679,충정로역점,"서울 중구 중림로 10 (중림동, 중림동 삼성 사이버 빌리지)",중구,EDIYA,37.5587312,126.9649372
680,태평로점,서울 중구 세종대로11길 26 (서소문동),중구,EDIYA,37.5638282,126.9752055
681,퇴계로2길점,서울 중구 퇴계로2길 1 (남창동),중구,EDIYA,37.5609292,126.9787635
682,한국은행점,서울 중구 남대문로 29-2 (남대문로3가),중구,EDIYA,37.5614432,126.9789639
683,황학롯데캐슬점,"서울 중구 청계천로 400 (황학동, 롯데캐슬베네치아)",중구,EDIYA,37.5712191,127.0213001
684,회현SK리더스점,"서울 중구 퇴계로 72 (회현동1가, 리더스뷰남산)",중구,EDIYA,37.5592302,126.9806639
685,경희대점,서울 동대문구 경희대로 4 (회기동),동대문구,EDIYA,37.5918937,127.0525264
686,경희대캠퍼스점,"서울 동대문구 경희대로 26 (회기동, 경희대학교,경희초,중,고,여자중고등학교)",동대문구,EDIYA,37.5948937,127.0491562
687,답십리사거리점,서울 동대문구 답십리로 145 (답십리동),동대문구,EDIYA,37.57308829999999,127.0561054
688,답십리역점,서울 동대문구 천호대로 265 (답십리동),동대문구,EDIYA,37.5690537,127.0573322
689,답십리파크자이점,"서울 동대문구 한천로 55 (답십리동, 영진빌딩)",동대문구,EDIYA,37.566857,127.0618361
690,동대문구청점,서울 동대문구 천호대로 153-1 (용두동),동대문구,EDIYA,37.5796043,127.0299409
691,동부병원사거리점,서울 동대문구 무학로 104 (용두동),동대문구,EDIYA,37.5735126,127.0309103
692,배봉초교사거리점,서울 동대문구 답십리로63길 131 (장안동),동대문구,EDIYA,37.5784959,127.0693224
693,서울시립대점,"서울 동대문구 서울시립대로 164 (전농동, 도석프라자)",동대문구,EDIYA,37.5833127,127.0548163
694,신설동역점,서울 동대문구 천호대로 11-3 (신설동),동대문구,EDIYA,37.5781315,127.0273933
695,용두동사거리점,서울 동대문구 왕산로 68 (용두동),동대문구,EDIYA,37.5757257,127.034286
696,용두동점,서울 동대문구 고산자로 413-1 (용두동),동대문구,EDIYA,37.5766569,127.0379383
697,이문점,서울 동대문구 신이문로 19 (이문동),동대문구,EDIYA,37.6031275,127.0642249
698,장안동사거리점,서울 동대문구 답십리로 309 (장안동),동대문구,EDIYA,37.572387,127.0748553
699,장안동점,서울 동대문구 장한로 43 (장안동),동대문구,EDIYA,37.565097,127.0666798
700,장안중랑천점,서울 동대문구 장한로18길 32 (장안동),동대문구,EDIYA,37.5675226,127.070764
701,장안중앙점,서울 동대문구 사가정로25길 42 (장안동),동대문구,EDIYA,37.5806984,127.0709597
702,장한평군자초교점,서울 동대문구 한천로2길 53 (장안동),동대문구,EDIYA,37.5628622,127.0614119
703,전농뉴타운점,서울 동대문구 답십리로 77 (전농동),동대문구,EDIYA,37.5751262,127.0496219
704,전농사거리점,서울 동대문구 사가정로 132 (전농동),동대문구,EDIYA,37.5776021,127.0595087
705,청량리점,서울 동대문구 왕산로 225 (청량리동),동대문구,EDIYA,37.5832723,127.0447446
706,촬영소사거리점,서울 동대문구 답십리로 264 (장안동),동대문구,EDIYA,37.5722599,127.0694701
707,회기역중앙점,서울 동대문구 회기로 194-1 (휘경동),동대문구,EDIYA,37.5898157,127.0574896
708,오류남부점,서울 구로구 오류로8길 65 (오류동),구로구,EDIYA,37.4926959,126.8437439
709,오류북부역점,서울 구로구 경인로20길 6 (오류동),구로구,EDIYA,37.4966404,126.8385246
710,천왕이펜하우스점,서울 구로구 천왕로 36 (천왕동),구로구,EDIYA,37.4810083,126.8392702
711,경희대점,서울 동대문구 경희대로 4 (회기동),동대문구,EDIYA,37.5918937,127.0525264
712,경희대캠퍼스점,"서울 동대문구 경희대로 26 (회기동, 경희대학교,경희초,중,고,여자중고등학교)",동대문구,EDIYA,37.5948937,127.0491562
713,답십리사거리점,서울 동대문구 답십리로 145 (답십리동),동대문구,EDIYA,37.57308829999999,127.0561054
714,답십리역점,서울 동대문구 천호대로 265 (답십리동),동대문구,EDIYA,37.5690537,127.0573322
715,답십리파크자이점,"서울 동대문구 한천로 55 (답십리동, 영진빌딩)",동대문구,EDIYA,37.566857,127.0618361
716,동대문구청점,서울 동대문구 천호대로 153-1 (용두동),동대문구,EDIYA,37.5796043,127.0299409
717,동부병원사거리점,서울 동대문구 무학로 104 (용두동),동대문구,EDIYA,37.5735126,127.0309103
718,배봉초교사거리점,서울 동대문구 답십리로63길 131 (장안동),동대문구,EDIYA,37.5784959,127.0693224
719,서울시립대점,"서울 동대문구 서울시립대로 164 (전농동, 도석프라자)",동대문구,EDIYA,37.5833127,127.0548163
720,신설동역점,서울 동대문구 천호대로 11-3 (신설동),동대문구,EDIYA,37.5781315,127.0273933
721,용두동사거리점,서울 동대문구 왕산로 68 (용두동),동대문구,EDIYA,37.5757257,127.034286
722,용두동점,서울 동대문구 고산자로 413-1 (용두동),동대문구,EDIYA,37.5766569,127.0379383
723,이문점,서울 동대문구 신이문로 19 (이문동),동대문구,EDIYA,37.6031275,127.0642249
724,장안동사거리점,서울 동대문구 답십리로 309 (장안동),동대문구,EDIYA,37.572387,127.0748553
725,장안동점,서울 동대문구 장한로 43 (장안동),동대문구,EDIYA,37.565097,127.0666798
726,장안중랑천점,서울 동대문구 장한로18길 32 (장안동),동대문구,EDIYA,37.5675226,127.070764
727,장안중앙점,서울 동대문구 사가정로25길 42 (장안동),동대문구,EDIYA,37.5806984,127.0709597
728,장한평군자초교점,서울 동대문구 한천로2길 53 (장안동),동대문구,EDIYA,37.5628622,127.0614119
729,전농뉴타운점,서울 동대문구 답십리로 77 (전농동),동대문구,EDIYA,37.5751262,127.0496219
730,전농사거리점,서울 동대문구 사가정로 132 (전농동),동대문구,EDIYA,37.5776021,127.0595087
731,청량리점,서울 동대문구 왕산로 225 (청량리동),동대문구,EDIYA,37.5832723,127.0447446
732,촬영소사거리점,서울 동대문구 답십리로 264 (장안동),동대문구,EDIYA,37.5722599,127.0694701
733,회기역중앙점,서울 동대문구 회기로 194-1 (휘경동),동대문구,EDIYA,37.5898157,127.0574896
734,오류남부점,서울 구로구 오류로8길 65 (오류동),구로구,EDIYA,37.4926959,126.8437439
735,오류북부역점,서울 구로구 경인로20길 6 (오류동),구로구,EDIYA,37.4966404,126.8385246
736,천왕이펜하우스점,서울 구로구 천왕로 36 (천왕동),구로구,EDIYA,37.4810083,126.8392702
737,IBK고객센터점,"서울 용산구 한남대로 72 (한남동, IBK기업은행고객센터)",용산구,EDIYA,37.535922,127.0016357
738,동부이촌동점,서울 용산구 이촌로77길 19 (이촌동),용산구,EDIYA,37.52037139999999,126.9750238
739,동자동점,서울 용산구 후암로 93 (동자동),용산구,EDIYA,37.5533423,126.9751213
740,삼각지점,서울 용산구 한강대로 138 (한강로2가),용산구,EDIYA,37.5304859,126.9695107
741,숙대입구역점,서울 용산구 한강대로 289 (갈월동),용산구,EDIYA,37.5440608,126.9719722
742,순천향병원점,서울 용산구 대사관로 72,용산구,EDIYA,37.5330479,127.0059378
743,용문점,서울 용산구 원효로41길 73 (원효로2가),용산구,EDIYA,37.53631710000001,126.9624625
744,용산원효점,"서울 용산구 원효로 70 (원효로4가, 신정빌딩)",용산구,EDIYA,37.5342776,126.9526413
745,용산청파점,"서울 용산구 청파로71길 10 (청파동1가, 새마을금고)",용산구,EDIYA,37.5500387,126.9676059
746,용산효창점,서울 용산구 효창원로66길 2 (효창동),용산구,EDIYA,37.5431627,126.963669
747,용산후암점,"서울 용산구 후암로 40-2 (후암동, 성원빌딩)",용산구,EDIYA,37.5494813,126.9776645
748,원효로점,서울 용산구 원효로 257 (원효로1가),용산구,EDIYA,37.5399801,126.967447
749,이태원역점,서울 용산구 이태원로 176 (이태원동),용산구,EDIYA,37.5345038,126.9906995
750,옥수역점,서울 성동구 한림말5길 9 (옥수동),성동구,EDIYA,37.5420228,127.0167405
751,왕십리비트플렉스점,서울 성동구 왕십리광장로 17 (행당동),성동구,EDIYA,37.5612886,127.038382
752,왕십리센트라스점,서울 성동구 무학로 22 (홍익동),성동구,EDIYA,37.5660798,127.0303129
753,왕십리역점,서울 성동구 왕십리로 309 (행당동),성동구,EDIYA,37.5594263,127.0330179
754,응봉동점,"서울 성동구 독서당로 381 (응봉동, 현대종합상가)",성동구,EDIYA,37.54264939999999,127.0119669
755,장한평역점,서울 성동구 천호대로 426 (용답동),성동구,EDIYA,37.560871,127.0661962
756,텐즈힐점,"서울 성동구 무학로 33 (하왕십리동, 텐즈힐)",성동구,EDIYA,37.5685653,127.0279662
757,행당동점,서울 성동구 고산자로 201 (행당동),성동구,EDIYA,37.558058,127.0337148
